{
  "feature_names": [
    "height",
    "weight",
    "age",
    "ball_control",
    "dribbling",
    "slide_tackle",
    "stand_tackle",
    "aggression",
    "reactions",
    "att_position",
    "interceptions",
    "vision",
    "composure",
    "crossing",
    "short_pass",
    "long_pass",
    "acceleration",
    "stamina",
    "strength",
    "balance",
    "sprint_speed",
    "agility",
    "jumping",
    "heading",
    "shot_power",
    "finishing",
    "long_shots",
    "curve",
    "fk_acc",
    "penalties",
    "volleys",
    "gk_positioning",
    "gk_diving",
    "gk_handling",
    "gk_kicking",
    "gk_reflexes"
  ],
  "feature_means": [
    181.6140814081408,
    75.26006600660067,
    26.30869086908691,
    59.02860286028603,
    56.232123212321234,
    46.91881188118812,
    49.02178217821782,
    56.3962596259626,
    61.974037403740375,
    50.85522552255225,
    47.54345434543454,
    54.57953795379538,
    58.656545654565456,
    49.865126512651266,
    59.41100110011001,
    54.04004400440044,
    64.86424642464246,
    63.4996699669967,
    65.35115511551155,
    64.15511551155116,
    65.06050605060506,
    63.834543454345436,
    65.2096809680968,
    52.375577557755776,
    58.28184818481848,
    46.47304730473047,
    47.364796479647964,
    48.242904290429045,
    43.58921892189219,
    48.29614961496149,
    43.00330033003301,
    16.017821782178217,
    16.27150715071507,
    16.044444444444444,
    15.93135313531353,
    16.411441144114413
  ],
  "feature_stds": [
    6.792785579375086,
    7.014186504283676,
    4.736672152751961,
    16.509225221370528,
    18.70671158456908,
    20.56610817896954,
    20.94114989106459,
    16.844995381357066,
    8.971301713600136,
    19.747341041124095,
    20.485427312651037,
    13.721907973105521,
    12.111644814091154,
    17.90580611842905,
    14.373183148742019,
    14.638216570897612,
    15.258341800770221,
    16.119235647724608,
    12.495645502793954,
    14.38003477479004,
    15.156930185139803,
    14.82861071168337,
    12.174936599274282,
    17.331250757785583,
    13.022751965365446,
    19.797794925022632,
    19.46660092803191,
    18.073117804204593,
    17.195325635251816,
    15.779318200236156,
    17.836064073305902,
    16.93121758848856,
    17.367172858817142,
    16.757685606657564,
    16.575649709605276,
    17.68963949457015
  ],
  "coef": [
    -0.003984543284844563,
    0.01750491453041012,
    -0.27120997367645333,
    0.4736077488157213,
    0.09629750834552447,
    -0.034823408168158994,
    0.17537772517444136,
    -0.005589794700629698,
    0.588128973718072,
    -0.14709796011268494,
    -0.08061056337347047,
    -0.06872281385918144,
    0.15077899192827476,
    0.1870093520919533,
    0.3647045083816793,
    -0.10890576732180421,
    0.09061014296355192,
    0.1361798961928675,
    0.07652132208191843,
    -0.04259641572099564,
    0.08065845144323802,
    -0.024279325171457897,
    -0.009894204831203762,
    0.25969383273343205,
    0.12949540716949523,
    0.1306998223818928,
    -0.12754631779511033,
    0.02777657734942781,
    -0.008401653844765248,
    -0.08510794448342378,
    -0.00022135125272228716,
    0.24556061986536815,
    0.28158035120196645,
    0.19236484880418736,
    0.06348274687419876,
    0.26322241045592454
  ],
  "intercept": 13.60451756258645,
  "target_transform": "log1p",
  "feature_defaults": [
    182.0,
    75.0,
    26.0,
    63.0,
    62.0,
    54.0,
    57.0,
    60.0,
    62.0,
    56.0,
    54.0,
    56.0,
    60.0,
    54.0,
    63.0,
    57.0,
    68.0,
    66.0,
    66.5,
    66.0,
    68.0,
    66.0,
    66.0,
    55.0,
    59.0,
    51.0,
    51.0,
    50.0,
    43.0,
    49.0,
    44.0,
    11.0,
    11.0,
    11.0,
    11.0,
    11.0
  ],
  "feature_ranges": {
    "height": {
      "min": 156.0,
      "max": 204.0
    },
    "weight": {
      "min": 54.0,
      "max": 102.0
    },
    "age": {
      "min": 17.0,
      "max": 41.0
    },
    "ball_control": {
      "min": 8.0,
      "max": 94.0
    },
    "dribbling": {
      "min": 5.0,
      "max": 95.0
    },
    "slide_tackle": {
      "min": 7.0,
      "max": 87.0
    },
    "stand_tackle": {
      "min": 7.0,
      "max": 91.0
    },
    "aggression": {
      "min": 11.0,
      "max": 96.0
    },
    "reactions": {
      "min": 32.0,
      "max": 93.0
    },
    "att_position": {
      "min": 3.0,
      "max": 93.0
    },
    "interceptions": {
      "min": 3.0,
      "max": 89.0
    },
    "vision": {
      "min": 10.0,
      "max": 94.0
    },
    "composure": {
      "min": 13.0,
      "max": 96.0
    },
    "crossing": {
      "min": 6.0,
      "max": 94.0
    },
    "short_pass": {
      "min": 11.0,
      "max": 93.0
    },
    "long_pass": {
      "min": 9.0,
      "max": 93.0
    },
    "acceleration": {
      "min": 12.0,
      "max": 97.0
    },
    "stamina": {
      "min": 14.0,
      "max": 95.0
    },
    "strength": {
      "min": 25.0,
      "max": 96.0
    },
    "balance": {
      "min": 20.0,
      "max": 95.0
    },
    "sprint_speed": {
      "min": 13.0,
      "max": 97.0
    },
    "agility": {
      "min": 21.0,
      "max": 93.0
    },
    "jumping": {
      "min": 23.0,
      "max": 95.0
    },
    "heading": {
      "min": 6.0,
      "max": 93.0
    },
    "shot_power": {
      "min": 20.0,
      "max": 94.0
    },
    "finishing": {
      "min": 4.0,
      "max": 94.0
    },
    "long_shots": {
      "min": 5.0,
      "max": 91.0
    },
    "curve": {
      "min": 7.0,
      "max": 93.0
    },
    "fk_acc": {
      "min": 4.0,
      "max": 94.0
    },
    "penalties": {
      "min": 8.0,
      "max": 92.0
    },
    "volleys": {
      "min": 4.0,
      "max": 90.0
    },
    "gk_positioning": {
      "min": 2.0,
      "max": 90.0
    },
    "gk_diving": {
      "min": 2.0,
      "max": 90.0
    },
    "gk_handling": {
      "min": 2.0,
      "max": 87.0
    },
    "gk_kicking": {
      "min": 2.0,
      "max": 90.0
    },
    "gk_reflexes": {
      "min": 3.0,
      "max": 89.0
    }
  },
  "metrics": {
    "MAE_eur": 1124131.7196158562,
    "RMSE_eur": 4752011.127925931,
    "R2_eur": 0.6147217312638515,
    "R2_log": 0.7935457175741807,
    "n_train": 4545,
    "n_test": 1137
  },
  "model_type": "LinearRegression",
  "target": "value_eur",
  "dataset": "FIFA player stats (5,682 rows)"
}